{
  "Visit the system page" : {
    "transaction" : "Visit the system page",
    "sampleCount" : 1100,
    "errorCount" : 0,
    "errorPct" : 0.0,
    "meanResTime" : 26.25,
    "medianResTime" : 3.0,
    "minResTime" : 1.0,
    "maxResTime" : 290.0,
    "pct1ResTime" : 86.89999999999998,
    "pct2ResTime" : 113.95000000000005,
    "pct3ResTime" : 179.0,
    "throughput" : 335.1614868982328,
    "receivedKBytesPerSec" : 664.1041571450335,
    "sentKBytesPerSec" : 38.62212446678854
  },
  "Excecute Register" : {
    "transaction" : "Excecute Register",
    "sampleCount" : 100,
    "errorCount" : 0,
    "errorPct" : 0.0,
    "meanResTime" : 48.550000000000004,
    "medianResTime" : 51.0,
    "minResTime" : 2.0,
    "maxResTime" : 107.0,
    "pct1ResTime" : 87.0,
    "pct2ResTime" : 96.94999999999999,
    "pct3ResTime" : 106.99,
    "throughput" : 704.225352112676,
    "receivedKBytesPerSec" : 242.0774647887324,
    "sentKBytesPerSec" : 190.45719630281693
  },
  "Total" : {
    "transaction" : "Total",
    "sampleCount" : 2200,
    "errorCount" : 0,
    "errorPct" : 0.0,
    "meanResTime" : 20.913181818181794,
    "medianResTime" : 3.0,
    "minResTime" : 1.0,
    "maxResTime" : 290.0,
    "pct1ResTime" : 77.0,
    "pct2ResTime" : 101.94999999999982,
    "pct3ResTime" : 131.97999999999956,
    "throughput" : 669.7108066971081,
    "receivedKBytesPerSec" : 784.2525209284627,
    "sentKBytesPerSec" : 110.43747621765601
  },
  "Execute visit" : {
    "transaction" : "Execute visit",
    "sampleCount" : 1000,
    "errorCount" : 0,
    "errorPct" : 0.0,
    "meanResTime" : 12.278999999999995,
    "medianResTime" : 3.0,
    "minResTime" : 1.0,
    "maxResTime" : 117.0,
    "pct1ResTime" : 46.0,
    "pct2ResTime" : 66.0,
    "pct3ResTime" : 110.0,
    "throughput" : 341.2969283276451,
    "receivedKBytesPerSec" : 123.65347696245733,
    "sentKBytesPerSec" : 71.3257252559727
  }
}