{
  "Visit the system page-After stress" : {
    "transaction" : "Visit the system page-After stress",
    "sampleCount" : 10,
    "errorCount" : 0,
    "errorPct" : 0.0,
    "meanResTime" : 5.800000000000001,
    "medianResTime" : 4.0,
    "minResTime" : 1.0,
    "maxResTime" : 25.0,
    "pct1ResTime" : 23.10000000000001,
    "pct2ResTime" : 25.0,
    "pct3ResTime" : 25.0,
    "throughput" : 3.7078235076010384,
    "receivedKBytesPerSec" : 7.346849508713385,
    "sentKBytesPerSec" : 0.4272687245087134
  },
  "Total" : {
    "transaction" : "Total",
    "sampleCount" : 430,
    "errorCount" : 83,
    "errorPct" : 19.302326,
    "meanResTime" : 3767.446511627908,
    "medianResTime" : 4808.5,
    "minResTime" : 1.0,
    "maxResTime" : 6474.0,
    "pct1ResTime" : 6062.9000000000015,
    "pct2ResTime" : 6292.0,
    "pct3ResTime" : 6435.07,
    "throughput" : 46.20674833440791,
    "receivedKBytesPerSec" : 39.069111158123796,
    "sentKBytesPerSec" : 9.133052600472814
  },
  "Excecute Login" : {
    "transaction" : "Excecute Login",
    "sampleCount" : 400,
    "errorCount" : 83,
    "errorPct" : 20.75,
    "meanResTime" : 4047.345000000001,
    "medianResTime" : 4918.5,
    "minResTime" : 404.0,
    "maxResTime" : 6474.0,
    "pct1ResTime" : 6099.400000000001,
    "pct2ResTime" : 6292.95,
    "pct3ResTime" : 6435.97,
    "throughput" : 61.48170919151552,
    "receivedKBytesPerSec" : 51.67990965070704,
    "sentKBytesPerSec" : 12.181063633569012
  },
  "Execute visit- After stress" : {
    "transaction" : "Execute visit- After stress",
    "sampleCount" : 10,
    "errorCount" : 0,
    "errorPct" : 0.0,
    "meanResTime" : 3.5,
    "medianResTime" : 2.0,
    "minResTime" : 2.0,
    "maxResTime" : 7.0,
    "pct1ResTime" : 7.0,
    "pct2ResTime" : 7.0,
    "pct3ResTime" : 7.0,
    "throughput" : 3.7037037037037037,
    "receivedKBytesPerSec" : 1.3418692129629628,
    "sentKBytesPerSec" : 0.7740162037037036
  },
  "Excecute Login - After Stress" : {
    "transaction" : "Excecute Login - After Stress",
    "sampleCount" : 10,
    "errorCount" : 0,
    "errorPct" : 0.0,
    "meanResTime" : 97.10000000000002,
    "medianResTime" : 92.5,
    "minResTime" : 77.0,
    "maxResTime" : 145.0,
    "pct1ResTime" : 140.70000000000002,
    "pct2ResTime" : 145.0,
    "pct3ResTime" : 145.0,
    "throughput" : 3.5842293906810037,
    "receivedKBytesPerSec" : 1.4014896953405018,
    "sentKBytesPerSec" : 0.8960573476702509
  }
}