{
  "Visit the system page-After stress" : {
    "transaction" : "Visit the system page-After stress",
    "sampleCount" : 10,
    "errorCount" : 0,
    "errorPct" : 0.0,
    "meanResTime" : 2.5999999999999996,
    "medianResTime" : 2.0,
    "minResTime" : 1.0,
    "maxResTime" : 7.0,
    "pct1ResTime" : 6.600000000000001,
    "pct2ResTime" : 7.0,
    "pct3ResTime" : 7.0,
    "throughput" : 3.7105751391465676,
    "receivedKBytesPerSec" : 7.352301716141002,
    "sentKBytesPerSec" : 0.4275858070500928
  },
  "Total" : {
    "transaction" : "Total",
    "sampleCount" : 620,
    "errorCount" : 148,
    "errorPct" : 23.870968,
    "meanResTime" : 329.31290322580645,
    "medianResTime" : 304.0,
    "minResTime" : 1.0,
    "maxResTime" : 1258.0,
    "pct1ResTime" : 807.4999999999999,
    "pct2ResTime" : 859.9499999999999,
    "pct3ResTime" : 1096.119999999999,
    "throughput" : 153.16205533596838,
    "receivedKBytesPerSec" : 143.68134148036066,
    "sentKBytesPerSec" : 38.28424144639328
  },
  "Excecute open shop" : {
    "transaction" : "Excecute open shop",
    "sampleCount" : 600,
    "errorCount" : 148,
    "errorPct" : 24.666666,
    "meanResTime" : 340.2033333333333,
    "medianResTime" : 343.0,
    "minResTime" : 1.0,
    "maxResTime" : 1258.0,
    "pct1ResTime" : 808.9,
    "pct2ResTime" : 860.9499999999999,
    "pct3ResTime" : 1101.7200000000003,
    "throughput" : 446.42857142857144,
    "receivedKBytesPerSec" : 415.32316662016365,
    "sentKBytesPerSec" : 112.8961472284226
  },
  "Execute visit- After stress" : {
    "transaction" : "Execute visit- After stress",
    "sampleCount" : 10,
    "errorCount" : 0,
    "errorPct" : 0.0,
    "meanResTime" : 2.5999999999999996,
    "medianResTime" : 2.0,
    "minResTime" : 2.0,
    "maxResTime" : 6.0,
    "pct1ResTime" : 5.700000000000001,
    "pct2ResTime" : 6.0,
    "pct3ResTime" : 6.0,
    "throughput" : 3.721622627465575,
    "receivedKBytesPerSec" : 1.3447269259397099,
    "sentKBytesPerSec" : 0.7777609787867511
  }
}