{
  "Visit the system page-After stress" : {
    "transaction" : "Visit the system page-After stress",
    "sampleCount" : 10,
    "errorCount" : 0,
    "errorPct" : 0.0,
    "meanResTime" : 2.5,
    "medianResTime" : 2.5,
    "minResTime" : 1.0,
    "maxResTime" : 4.0,
    "pct1ResTime" : 4.0,
    "pct2ResTime" : 4.0,
    "pct3ResTime" : 4.0,
    "throughput" : 3.702332469455757,
    "receivedKBytesPerSec" : 7.335969316919659,
    "sentKBytesPerSec" : 0.42663596815994076
  },
  "Visit the system page" : {
    "transaction" : "Visit the system page",
    "sampleCount" : 1000,
    "errorCount" : 0,
    "errorPct" : 0.0,
    "meanResTime" : 136.93200000000007,
    "medianResTime" : 139.0,
    "minResTime" : 1.0,
    "maxResTime" : 427.0,
    "pct1ResTime" : 286.0,
    "pct2ResTime" : 296.94999999999993,
    "pct3ResTime" : 311.99,
    "throughput" : 332.22591362126246,
    "receivedKBytesPerSec" : 658.2874792358805,
    "sentKBytesPerSec" : 38.283845514950166
  },
  "Excecute Register" : {
    "transaction" : "Excecute Register",
    "sampleCount" : 600,
    "errorCount" : 140,
    "errorPct" : 23.333334,
    "meanResTime" : 251.20833333333323,
    "medianResTime" : 299.0,
    "minResTime" : 0.0,
    "maxResTime" : 475.0,
    "pct1ResTime" : 392.9,
    "pct2ResTime" : 428.89999999999986,
    "pct3ResTime" : 463.99,
    "throughput" : 998.3361064891847,
    "receivedKBytesPerSec" : 861.389871048253,
    "sentKBytesPerSec" : 206.99062759983363
  },
  "Total" : {
    "transaction" : "Total",
    "sampleCount" : 2620,
    "errorCount" : 140,
    "errorPct" : 5.3435116,
    "meanResTime" : 122.32480916030515,
    "medianResTime" : 28.5,
    "minResTime" : 0.0,
    "maxResTime" : 475.0,
    "pct1ResTime" : 320.0,
    "pct2ResTime" : 365.9499999999998,
    "pct3ResTime" : 445.78999999999996,
    "throughput" : 397.09002728099426,
    "receivedKBytesPerSec" : 437.07210636745987,
    "sentKBytesPerSec" : 68.4847385097757
  },
  "Execute visit" : {
    "transaction" : "Execute visit",
    "sampleCount" : 1000,
    "errorCount" : 0,
    "errorPct" : 0.0,
    "meanResTime" : 32.776999999999944,
    "medianResTime" : 4.0,
    "minResTime" : 1.0,
    "maxResTime" : 418.0,
    "pct1ResTime" : 114.89999999999998,
    "pct2ResTime" : 219.94999999999993,
    "pct3ResTime" : 369.82000000000016,
    "throughput" : 343.4065934065934,
    "receivedKBytesPerSec" : 124.04657720209478,
    "sentKBytesPerSec" : 71.76661229395604
  },
  "Execute visit- After stress" : {
    "transaction" : "Execute visit- After stress",
    "sampleCount" : 10,
    "errorCount" : 0,
    "errorPct" : 0.0,
    "meanResTime" : 3.2,
    "medianResTime" : 3.0,
    "minResTime" : 2.0,
    "maxResTime" : 6.0,
    "pct1ResTime" : 5.9,
    "pct2ResTime" : 6.0,
    "pct3ResTime" : 6.0,
    "throughput" : 3.7037037037037037,
    "receivedKBytesPerSec" : 1.3418692129629628,
    "sentKBytesPerSec" : 0.7740162037037036
  }
}