{
  "Visit the system page-After stress" : {
    "transaction" : "Visit the system page-After stress",
    "sampleCount" : 10,
    "errorCount" : 0,
    "errorPct" : 0.0,
    "meanResTime" : 6.0,
    "medianResTime" : 6.5,
    "minResTime" : 2.0,
    "maxResTime" : 9.0,
    "pct1ResTime" : 8.9,
    "pct2ResTime" : 9.0,
    "pct3ResTime" : 9.0,
    "throughput" : 3.6995930447650758,
    "receivedKBytesPerSec" : 7.330541296707363,
    "sentKBytesPerSec" : 0.42632029226785056
  },
  "Excecute PruchaseCart" : {
    "transaction" : "Excecute PruchaseCart",
    "sampleCount" : 600,
    "errorCount" : 45,
    "errorPct" : 7.5,
    "meanResTime" : 181.05666666666667,
    "medianResTime" : 159.0,
    "minResTime" : 1.0,
    "maxResTime" : 741.0,
    "pct1ResTime" : 352.69999999999993,
    "pct2ResTime" : 426.94999999999993,
    "pct3ResTime" : 582.6300000000003,
    "throughput" : 528.6343612334801,
    "receivedKBytesPerSec" : 292.29333012114535,
    "sentKBytesPerSec" : 161.36942455947135
  },
  "Total" : {
    "transaction" : "Total",
    "sampleCount" : 1220,
    "errorCount" : 92,
    "errorPct" : 7.5409837,
    "meanResTime" : 256.0319672131148,
    "medianResTime" : 235.0,
    "minResTime" : 1.0,
    "maxResTime" : 1044.0,
    "pct1ResTime" : 487.8000000000002,
    "pct2ResTime" : 575.9000000000001,
    "pct3ResTime" : 745.7399999999998,
    "throughput" : 309.4090793811818,
    "receivedKBytesPerSec" : 176.17133012617296,
    "sentKBytesPerSec" : 85.61206172330712
  },
  "Execute visit- After stress" : {
    "transaction" : "Execute visit- After stress",
    "sampleCount" : 10,
    "errorCount" : 0,
    "errorPct" : 0.0,
    "meanResTime" : 4.4,
    "medianResTime" : 3.5,
    "minResTime" : 2.0,
    "maxResTime" : 10.0,
    "pct1ResTime" : 9.600000000000001,
    "pct2ResTime" : 10.0,
    "pct3ResTime" : 10.0,
    "throughput" : 3.694126339120798,
    "receivedKBytesPerSec" : 1.3474181520132988,
    "sentKBytesPerSec" : 0.7720146841521981
  },
  "Excecute Add to Cart" : {
    "transaction" : "Excecute Add to Cart",
    "sampleCount" : 600,
    "errorCount" : 47,
    "errorPct" : 7.8333335,
    "meanResTime" : 339.36833333333317,
    "medianResTime" : 337.0,
    "minResTime" : 1.0,
    "maxResTime" : 1044.0,
    "pct1ResTime" : 570.5999999999999,
    "pct2ResTime" : 644.7999999999997,
    "pct3ResTime" : 784.99,
    "throughput" : 506.32911392405066,
    "receivedKBytesPerSec" : 286.4377307489451,
    "sentKBytesPerSec" : 127.57120253164557
  }
}