{
  "Total" : {
    "transaction" : "Total",
    "sampleCount" : 1610,
    "errorCount" : 168,
    "errorPct" : 10.434783,
    "meanResTime" : 40.439130434782605,
    "medianResTime" : 3.0,
    "minResTime" : 0.0,
    "maxResTime" : 318.0,
    "pct1ResTime" : 161.0,
    "pct2ResTime" : 186.0,
    "pct3ResTime" : 220.88999999999987,
    "throughput" : 249.3417995973362,
    "receivedKBytesPerSec" : 226.03013202725725,
    "sentKBytesPerSec" : 44.118634572944096
  },
  "Execute visit" : {
    "transaction" : "Execute visit",
    "sampleCount" : 1000,
    "errorCount" : 0,
    "errorPct" : 0.0,
    "meanResTime" : 14.727000000000015,
    "medianResTime" : 3.0,
    "minResTime" : 1.0,
    "maxResTime" : 200.0,
    "pct1ResTime" : 24.899999999999977,
    "pct2ResTime" : 114.89999999999986,
    "pct3ResTime" : 192.99,
    "throughput" : 342.3485107839781,
    "receivedKBytesPerSec" : 124.36879493324204,
    "sentKBytesPerSec" : 71.54548955837042
  },
  "Execute visit- After stress" : {
    "transaction" : "Execute visit- After stress",
    "sampleCount" : 10,
    "errorCount" : 0,
    "errorPct" : 0.0,
    "meanResTime" : 4.6,
    "medianResTime" : 5.0,
    "minResTime" : 2.0,
    "maxResTime" : 7.0,
    "pct1ResTime" : 6.9,
    "pct2ResTime" : 7.0,
    "pct3ResTime" : 7.0,
    "throughput" : 3.6913990402362495,
    "receivedKBytesPerSec" : 1.341016057585825,
    "sentKBytesPerSec" : 0.7714447212993725
  },
  "Excecute Search" : {
    "transaction" : "Excecute Search",
    "sampleCount" : 600,
    "errorCount" : 168,
    "errorPct" : 28.0,
    "meanResTime" : 83.89000000000004,
    "medianResTime" : 68.5,
    "minResTime" : 0.0,
    "maxResTime" : 318.0,
    "pct1ResTime" : 185.0,
    "pct2ResTime" : 199.0,
    "pct3ResTime" : 271.0,
    "throughput" : 1293.103448275862,
    "receivedKBytesPerSec" : 2354.6605603448274,
    "sentKBytesPerSec" : 159.05130320581895
  }
}