{
  "Visit the system page-After stress" : {
    "transaction" : "Visit the system page-After stress",
    "sampleCount" : 10,
    "errorCount" : 0,
    "errorPct" : 0.0,
    "meanResTime" : 12.3,
    "medianResTime" : 7.0,
    "minResTime" : 1.0,
    "maxResTime" : 65.0,
    "pct1ResTime" : 60.000000000000014,
    "pct2ResTime" : 65.0,
    "pct3ResTime" : 65.0,
    "throughput" : 3.694126339120798,
    "receivedKBytesPerSec" : 7.3197093184336905,
    "sentKBytesPerSec" : 0.42569033985962323
  },
  "Total" : {
    "transaction" : "Total",
    "sampleCount" : 620,
    "errorCount" : 275,
    "errorPct" : 44.35484,
    "meanResTime" : 192.17258064516128,
    "medianResTime" : 185.0,
    "minResTime" : 1.0,
    "maxResTime" : 390.0,
    "pct1ResTime" : 314.0,
    "pct2ResTime" : 333.0,
    "pct3ResTime" : 376.78999999999996,
    "throughput" : 197.9565772669221,
    "receivedKBytesPerSec" : 265.0157397429757,
    "sentKBytesPerSec" : 18.246627554278415
  },
  "Excecute viewHistory" : {
    "transaction" : "Excecute viewHistory",
    "sampleCount" : 600,
    "errorCount" : 275,
    "errorPct" : 45.833332,
    "meanResTime" : 197.41666666666663,
    "medianResTime" : 196.5,
    "minResTime" : 60.0,
    "maxResTime" : 390.0,
    "pct1ResTime" : 314.9,
    "pct2ResTime" : 334.89999999999986,
    "pct3ResTime" : 376.99,
    "throughput" : 1488.8337468982631,
    "receivedKBytesPerSec" : 2001.4684785980148,
    "sentKBytesPerSec" : 133.7624069478908
  },
  "Execute visit- After stress" : {
    "transaction" : "Execute visit- After stress",
    "sampleCount" : 10,
    "errorCount" : 0,
    "errorPct" : 0.0,
    "meanResTime" : 57.40000000000001,
    "medianResTime" : 27.5,
    "minResTime" : 18.0,
    "maxResTime" : 268.0,
    "pct1ResTime" : 251.10000000000005,
    "pct2ResTime" : 268.0,
    "pct3ResTime" : 268.0,
    "throughput" : 3.7593984962406015,
    "receivedKBytesPerSec" : 1.362047697368421,
    "sentKBytesPerSec" : 0.7856555451127819
  }
}