{
  "Total" : {
    "transaction" : "Total",
    "sampleCount" : 100,
    "errorCount" : 0,
    "errorPct" : 0.0,
    "meanResTime" : 1095.7499999999993,
    "medianResTime" : 1102.0,
    "minResTime" : 541.0,
    "maxResTime" : 1513.0,
    "pct1ResTime" : 1300.7,
    "pct2ResTime" : 1347.1,
    "pct3ResTime" : 1511.9899999999996,
    "throughput" : 44.169611307420496,
    "receivedKBytesPerSec" : 16.649873012367493,
    "sentKBytesPerSec" : 11.042402826855124
  },
  "Excecute Login" : {
    "transaction" : "Excecute Login",
    "sampleCount" : 100,
    "errorCount" : 0,
    "errorPct" : 0.0,
    "meanResTime" : 1095.7499999999993,
    "medianResTime" : 1102.0,
    "minResTime" : 541.0,
    "maxResTime" : 1513.0,
    "pct1ResTime" : 1300.7,
    "pct2ResTime" : 1347.1,
    "pct3ResTime" : 1511.9899999999996,
    "throughput" : 44.169611307420496,
    "receivedKBytesPerSec" : 16.649873012367493,
    "sentKBytesPerSec" : 11.042402826855124
  }
}