{
  "Excecute add product" : {
    "transaction" : "Excecute add product",
    "sampleCount" : 500,
    "errorCount" : 15,
    "errorPct" : 3.0,
    "meanResTime" : 262.8800000000003,
    "medianResTime" : 248.5,
    "minResTime" : 2.0,
    "maxResTime" : 1049.0,
    "pct1ResTime" : 478.0,
    "pct2ResTime" : 484.95,
    "pct3ResTime" : 901.94,
    "throughput" : 469.4835680751174,
    "receivedKBytesPerSec" : 216.72260123239437,
    "sentKBytesPerSec" : 142.53227699530518
  },
  "Visit the system page-After stress" : {
    "transaction" : "Visit the system page-After stress",
    "sampleCount" : 10,
    "errorCount" : 0,
    "errorPct" : 0.0,
    "meanResTime" : 9.8,
    "medianResTime" : 3.0,
    "minResTime" : 1.0,
    "maxResTime" : 72.0,
    "pct1ResTime" : 65.40000000000002,
    "pct2ResTime" : 72.0,
    "pct3ResTime" : 72.0,
    "throughput" : 3.6995930447650758,
    "receivedKBytesPerSec" : 7.330541296707363,
    "sentKBytesPerSec" : 0.42632029226785056
  },
  "Total" : {
    "transaction" : "Total",
    "sampleCount" : 520,
    "errorCount" : 15,
    "errorPct" : 2.8846154,
    "meanResTime" : 253.01346153846177,
    "medianResTime" : 242.0,
    "minResTime" : 1.0,
    "maxResTime" : 1049.0,
    "pct1ResTime" : 478.0,
    "pct2ResTime" : 483.95,
    "pct3ResTime" : 900.7399999999998,
    "throughput" : 137.82136231115825,
    "receivedKBytesPerSec" : 67.38333015836204,
    "sentKBytesPerSec" : 41.09172077922078
  },
  "Execute visit- After stress" : {
    "transaction" : "Execute visit- After stress",
    "sampleCount" : 10,
    "errorCount" : 0,
    "errorPct" : 0.0,
    "meanResTime" : 2.9,
    "medianResTime" : 2.5,
    "minResTime" : 2.0,
    "maxResTime" : 5.0,
    "pct1ResTime" : 4.9,
    "pct2ResTime" : 5.0,
    "pct3ResTime" : 5.0,
    "throughput" : 3.799392097264438,
    "receivedKBytesPerSec" : 1.3728272226443767,
    "sentKBytesPerSec" : 0.7940135828267477
  }
}