{
  "Visit the system page-After stress" : {
    "transaction" : "Visit the system page-After stress",
    "sampleCount" : 10,
    "errorCount" : 0,
    "errorPct" : 0.0,
    "meanResTime" : 4.1,
    "medianResTime" : 3.0,
    "minResTime" : 2.0,
    "maxResTime" : 10.0,
    "pct1ResTime" : 9.9,
    "pct2ResTime" : 10.0,
    "pct3ResTime" : 10.0,
    "throughput" : 3.705075954057058,
    "receivedKBytesPerSec" : 7.341405381622824,
    "sentKBytesPerSec" : 0.42695211189329385
  },
  "Excecute logout" : {
    "transaction" : "Excecute logout",
    "sampleCount" : 600,
    "errorCount" : 192,
    "errorPct" : 32.0,
    "meanResTime" : 481.7550000000003,
    "medianResTime" : 361.0,
    "minResTime" : 111.0,
    "maxResTime" : 1425.0,
    "pct1ResTime" : 1129.5999999999997,
    "pct2ResTime" : 1356.9499999999998,
    "pct3ResTime" : 1401.97,
    "throughput" : 417.24617524339357,
    "receivedKBytesPerSec" : 447.6595097357441,
    "sentKBytesPerSec" : 63.45075625869263
  },
  "Total" : {
    "transaction" : "Total",
    "sampleCount" : 1220,
    "errorCount" : 363,
    "errorPct" : 29.754099,
    "meanResTime" : 370.76557377049204,
    "medianResTime" : 240.0,
    "minResTime" : 0.0,
    "maxResTime" : 1425.0,
    "pct1ResTime" : 954.0,
    "pct2ResTime" : 1133.8500000000001,
    "pct3ResTime" : 1391.79,
    "throughput" : 293.4102934102934,
    "receivedKBytesPerSec" : 304.7706416847042,
    "sentKBytesPerSec" : 45.69598514911014
  },
  "Excecute Leave" : {
    "transaction" : "Excecute Leave",
    "sampleCount" : 600,
    "errorCount" : 171,
    "errorPct" : 28.5,
    "meanResTime" : 271.7116666666666,
    "medianResTime" : 165.0,
    "minResTime" : 0.0,
    "maxResTime" : 1194.0,
    "pct1ResTime" : 912.9,
    "pct2ResTime" : 957.9499999999999,
    "pct3ResTime" : 998.94,
    "throughput" : 470.5882352941176,
    "receivedKBytesPerSec" : 470.6387867647059,
    "sentKBytesPerSec" : 74.91727941176471
  },
  "Execute visit- After stress" : {
    "transaction" : "Execute visit- After stress",
    "sampleCount" : 10,
    "errorCount" : 0,
    "errorPct" : 0.0,
    "meanResTime" : 21.3,
    "medianResTime" : 21.5,
    "minResTime" : 13.0,
    "maxResTime" : 35.0,
    "pct1ResTime" : 34.1,
    "pct2ResTime" : 35.0,
    "pct3ResTime" : 35.0,
    "throughput" : 3.6913990402362495,
    "receivedKBytesPerSec" : 1.3374111757105942,
    "sentKBytesPerSec" : 0.7714447212993725
  }
}